"title","price"
"JBL Flip 4 Waterproof Portable Bluetooth Speaker","€70,95"
"Sony XBR-950G BRAVIA 4K HDR Ultra HD TV","From €1.322,95"
"Sony SACS9 10"" Active Subwoofer","€149,95"
"Sony PS-HX500 Hi-Res USB Turntable","€376,95"
"Klipsch R-120SW Powerful Detailed Home Speaker - Unit","€306,95"
"Denon AH-C720 In-Ear Headphones","€112,95"
"Sony XBR-85X850F 85-Inch 4K Ultra HD Smart LED TV","€3.309,95"
"Sony XBR-75X850F 75-Inch 4K Ultra HD Smart LED TV","€1.890,95"
"Sony XBR-55A8F 55-Inch 4K Ultra HD Smart BRAVIA OLED TV","€2.174,95"
"Sony XB-950B1 Extra Bass Wireless Headphones with App Control","From €121,95"
"Sony UBPX1000ES 4K Ultra HD Blu-Ray Disc Player","€471,95"
"Sony S200F 2.1-Ch Sound Bar with Built-In Subwoofer and Bluetooth (HT200F)","€140,95"
"Sony HT-Z9F 3.1-Ch Dolby Atmos/DTS:X Sound Bar with Wi-Fi/Bluetooth","€755,95"
"Samsung UN82NU8000 Flat 82-Inch 4K UHD 8 Series Smart LED TV","€2.552,95"
"Samsung UN75NU8000 Flat 75-Inch 4K UHD 8 Series Smart LED TV","€1.701,95"
"Samsung UN65NU8500 Curved 65-Inch 4K UHD 8 Series Smart LED TV","€1.038,95"
"Samsung UN55NU8000 Flat 55-Inch 4K UHD 8 Series Smart TV","€755,95"
"Samsung Surround Sound Bar Home Speaker, Set of 7 (HW-NW700/ZA)","€613,95"
"Samsung QN82Q6 Flat 82-Inch QLED 4K UHD 6 Series Smart TV","€2.836,95"
"Samsung QN75Q9F Flat 75-Inch QLED 4K UHD 9 Series Smart TV","€4.728,95"
"Samsung QN75Q8F Flat 75-Inch QLED 4K UHD 8 Series Smart TV","€3.309,95"
"Samsung QN75Q7F Flat 75-Inch QLED 4K UHD 7 Series Smart TV","€2.647,95"
"Samsung QN75Q6 Flat 75-Inch QLED 4K UHD 6 Series Smart TV","€2.174,95"
"Samsung QN65Q9F Flat 65-Inch QLED 4K UHD 9 Series Smart TV","€3.120,95"